[
    {
        "ev_idx": 1,
        "ev_na": "야외도서관",
        "ev_s_dat": "2024-09-18",
        "ev_e_dat": "2024-09-22",
        "ev_ce_num": "785-42-2497"
    },
    {
        "ev_idx": 2,
        "ev_na": "생태 탐방 행사",
        "ev_s_dat": "2025-02-12",
        "ev_e_dat": "2025-02-13",
        "ev_ce_num": "781-83-4114"
    },
    {
        "ev_idx": 3,
        "ev_na": "에코 페스티벌",
        "ev_s_dat": "2024-02-11",
        "ev_e_dat": "2024-02-12",
        "ev_ce_num": "554-37-0895"
    },
    {
        "ev_idx": 4,
        "ev_na": "생태 탐방 행사",
        "ev_s_dat": "2024-07-26",
        "ev_e_dat": "2024-08-02",
        "ev_ce_num": "777-93-0707"
    },
    {
        "ev_idx": 5,
        "ev_na": "야외도서관",
        "ev_s_dat": "2024-01-15",
        "ev_e_dat": "2024-01-18",
        "ev_ce_num": "670-77-9797"
    },
    {
        "ev_idx": 6,
        "ev_na": "생태 탐방 행사",
        "ev_s_dat": "2024-09-19",
        "ev_e_dat": "2024-10-02",
        "ev_ce_num": "472-30-5668"
    },
    {
        "ev_idx": 7,
        "ev_na": "도심 생태 탐방 행사",
        "ev_s_dat": "2024-07-31",
        "ev_e_dat": "2025-08-02",
        "ev_ce_num": "158-60-1990"
    },
    {
        "ev_idx": 8,
        "ev_na": "우리동네 나무 알아가기",
        "ev_s_dat": "2024-11-01",
        "ev_e_dat": "2024-11-13",
        "ev_ce_num": "899-37-0217"
    },
    {
        "ev_idx": 9,
        "ev_na": "보호수 알아가기",
        "ev_s_dat": "2025-01-05",
        "ev_e_dat": "2025-01-15",
        "ev_ce_num": "498-34-4519"
    },
    {
        "ev_idx": 10,
        "ev_na": "드림 에코 페스티벌",
        "ev_s_dat": "2025-02-17",
        "ev_e_dat": "2025-02-20",
        "ev_ce_num": "767-53-4125"
    },
    {
        "ev_idx": 11,
        "ev_na": "습지 생태 탐방 페스티벌",
        "ev_s_dat": "2024-02-28",
        "ev_e_dat": "2024-03-11",
        "ev_ce_num": "208-03-6090"
    },
    {
        "ev_idx": 12,
        "ev_na": "청계천 야외도서관",
        "ev_s_dat": "2024-11-06",
        "ev_e_dat": "2024-11-12",
        "ev_ce_num": "297-04-0554"
    },
    {
        "ev_idx": 13,
        "ev_na": "우리동네 보호수 알아가기",
        "ev_s_dat": "2024-07-24",
        "ev_e_dat": "2024-07-25",
        "ev_ce_num": "801-88-6079"
    },
    {
        "ev_idx": 14,
        "ev_na": "책읽는 맑은 냇가",
        "ev_s_dat": "2024-08-22",
        "ev_e_dat": "2024-08-23",
        "ev_ce_num": "729-97-9939"
    },
    {
        "ev_idx": 15,
        "ev_na": "어린이 생태 탐방",
        "ev_s_dat": "2024-10-18",
        "ev_e_dat": "2024-10-19",
        "ev_ce_num": "349-90-0290"
    },
    {
        "ev_idx": 16,
        "ev_na": "생태 페스티벌",
        "ev_s_dat": "2024-05-19",
        "ev_e_dat": "2024-05-20",
        "ev_ce_num": "397-83-4880"
    },
    {
        "ev_idx": 17,
        "ev_na": "청정 생태 도서관",
        "ev_s_dat": "2025-05-29",
        "ev_e_dat": "2025-05-30",
        "ev_ce_num": "235-42-7875"
    },
    {
        "ev_idx": 18,
        "ev_na": "생태 지도사와 함께 하는 생태 탐방",
        "ev_s_dat": "2024-08-31",
        "ev_e_dat": "2024-09-02",
        "ev_ce_num": "307-32-7198"
    },
    {
        "ev_idx": 19,
        "ev_na": "생태 지킴이 선발대회",
        "ev_s_dat": "2025-03-14",
        "ev_e_dat": "2025-03-16",
        "ev_ce_num": "789-03-8290"
    },
    {
        "ev_idx": 20,
        "ev_na": "동네 공원 알아가기",
        "ev_s_dat": "2024-01-30",
        "ev_e_dat": "2024-02-11",
        "ev_ce_num": "490-21-1134"
    },
    {
        "ev_idx": 21,
        "ev_na": "우리동네 나무 알아가기",
        "ev_s_dat": "2025-04-02",
        "ev_e_dat": "2025-04-03",
        "ev_ce_num": "383-57-5301"
    }
]