<?xml version="1.0" encoding="UTF-8"?>
<!DOCTYPE mapper
 PUBLIC "-//mybatis.org//DTD Mapper 3.0//EN"
 "https://mybatis.org/dtd/mybatis-3-mapper.dtd">
 
<mapper namespace="review">
	<select id="review_count" resultType="int">
		select count(*) from review_db.review_tbl
	</select>
	
	<select id="review_list" parameterType="map" resultType="revo">
		select * from review_db.review_tbl order by rev_idx desc limit #{limit} offset #{offset}
	</select>

	<insert id="review_insert" parameterType="revo">
		insert into review_db.review_tbl(rev_tle, rev_con, u_idx, rev_dat, rev_up, rev_bor, rev_ref, rev_pic)
		value (#{rev_tle}, #{rev_con}, #{u_idx}, now(), '0', #{rev_bor}, #{rev_ref}, #{rev_pic})
	</insert>
    
    <update id="review_hit" parameterType="String">
    	update review_db.review_tbl set rev_hit = rev_hit + 1 where rev_idx = #{rev_idx}
    </update>
    
    <select id="review_detail" parameterType="String" resultType="revo">
    	select * from review_db.review_tbl where rev_idx = #{rev_idx}
    </select>
	
    <update id="review_update" parameterType="revo">
    	update review_db.review_tbl 
    	set rev_tle = #{rev_tle}, rev_con = #{rev_con}, rev_up = '1', rev_pic = #{rev_pic}
    	<![CDATA[ 
    		where rev_idx = #{rev_idx}
    	]]>
    </update>
    
	<delete id="review_delete" parameterType="String">
		delete from review_db.review_tbl where rev_idx=#{rev_idx}
	</delete>
	
	<select id="review_usercount" resultType="int">
		select count(*) from review_db.review_tbl where u_idx=#{u_idx}
	</select>
    
	<select id="review_index" parameterType="map" resultType="revo">
		select * from review_db.review_tbl order by rev_idx desc limit #{limit}
	</select>
	
	<!-- <select id="review_userlist" parameterType="Map" resultType="revo">
		select * from review_db.review_tbl where u_id=#{u_id} limit #{offset}, #{limit}
	</select> -->
	
</mapper>

