<?xml version="1.0" encoding="UTF-8"?>
<!DOCTYPE mapper
 PUBLIC "-//mybatis.org//DTD Mapper 3.0//EN"
 "https://mybatis.org/dtd/mybatis-3-mapper.dtd">
<mapper namespace="searchTree">

	<select id="list" resultType="svo" parameterType="Map">
		SELECT * FROM tree_db.tree_stat_tbl ORDER BY t_sta_idx limit #{offset}, #{limit};
	</select>
  
 <!--      <select id="sortByCategory" resultType="svo">
        <choose>
            <when test="${category == 'address'}">
                SELECT * FROM tree_db.tree_stat_tbl ORDER BY t_sta_ad
            </when>
            <when test="${category == 'date'}">
                SELECT * FROM tree_db.tree_stat_tbl ORDER BY t_sta_dat
            </when>
            <when test="${category == 'age'}">
                SELECT * FROM tree_db.tree_stat_tbl ORDER BY t_sta_age
            </when>
        </choose>
    </select> -->
  
    
     <select id="sortByAddress" resultType="svo">
        SELECT * FROM tree_db.tree_stat_tbl ORDER BY t_sta_ad
    </select>

    <!-- 지정일순 정렬 -->
    <select id="sortByDate" resultType="svo">
        SELECT * FROM tree_db.tree_stat_tbl ORDER BY t_sta_dat
    </select>

    <!-- 수령순 정렬 -->
    <select id="sortByAge" resultType="svo">
        SELECT * FROM tree_db.tree_stat_tbl ORDER BY t_sta_age
    </select>
    
     <select id="counttree" resultType="int">
     	select count(*) FROM tree_db.tree_stat_tbl
     </select>


</mapper>


