<?xml version="1.0" encoding="UTF-8"?>

<!DOCTYPE mapper PUBLIC 
 "-//mybatis.org//DTD Mapper 3.0//EN" 
 "https://mybatis.org/dtd/mybatis-3-mapper.dtd">

<mapper namespace="inquery">
	
	<select id="inquery_list" resultType="ivo" parameterType="Map">
		select * from inquery_db.inquery_tbl order by i_idx desc limit #{offset}, #{limit} 
	</select>
	
	<select id="inquery_count" resultType="int">
		select count(*) from inquery_db.inquery_tbl
	</select>
	
	<select id="inquery_userlist" resultType="ivo" parameterType="Map">
		select * from inquery_db.inquery_tbl where u_idx=#{u_idx} 
		order by i_idx desc limit #{offset}, #{limit} 
	</select>
	
	<select id="inquery_usercount" resultType="int" parameterType="String">
		select count(*) from inquery_db.inquery_tbl where u_idx=#{u_idx}
	</select>
	
	<select id="inquery_detail" parameterType="String" resultType="ivo">
		select * from inquery_db.inquery_tbl where i_idx=#{i_idx}
	</select>
	
	<insert id="inquery_insert" parameterType="ivo">
		insert into inquery_db.inquery_tbl (i_idx, u_idx, i_tle, i_con, i_dat, i_ans, a_idx, i_acon)
		values (#{i_idx}, #{u_idx}, #{i_tle}, #{i_con}, now(), '0', #{a_idx}, #{i_acon})
	</insert>
	
	<update id="inquery_update" parameterType="ivo">
		update inquery_db.inquery_tbl set i_tle=#{i_tle}, i_con=#{i_con}
		where i_idx = #{i_idx}
	</update>
	
	<delete id="inquery_delete" parameterType="String">
		delete from inquery_db.inquery_tbl where i_idx=#{i_idx}
	</delete>
	
	<update id="inquery_adminup" parameterType="ivo">
		update inquery_db.inquery_tbl set i_ans='1', a_idx=#{a_idx}, i_acon=#{i_acon}
		where i_idx = #{i_idx}
	</update>
</mapper>