<?xml version="1.0" encoding="UTF-8"?>

<!DOCTYPE mapper PUBLIC 
 "-//mybatis.org//DTD Mapper 3.0//EN" 
 "https://mybatis.org/dtd/mybatis-3-mapper.dtd">

<mapper namespace="login">
	<insert id="login_insert" parameterType="lvo">
		insert into user_db.user_tbl (u_id, u_pw, u_na, u_phone, u_gen, u_bir, u_em, u_reg, u_out, a_idx, u_outr, u_kakao, u_naver, u_pic)
		value (#{u_id}, #{u_pw}, #{u_na}, #{u_phone}, #{u_gen}, #{u_bir}, #{u_em}, DATE(NOW()), #{u_out}, #{a_idx}, #{u_outr}, #{u_kakao}, #{u_naver}, #{u_pic}) 
	</insert>
	
	<select id="id_chk" parameterType="String" resultType="String">
		select u_id from user_db.user_tbl where u_id=#{u_id}
	</select>
	
	<select id="login_detail" parameterType="String" resultType="lvo">
		select * from user_db.user_tbl where u_id=#{u_id}
	</select>
	
	<select id="id_email" parameterType="String" resultType="String">
		select u_id from user_db.user_tbl where u_em=#{u_em} 
	</select>
	
	<select id="kakao_chk" parameterType="String" resultType="String">
		select u_kakao from user_db.user_tbl where u_kakao=#{u_kakao}
	</select>
	
	<select id="id_kakao" parameterType="String" resultType="String">
		select u_id from user_db.user_tbl where u_kakao=#{u_kakao}
	</select>
	
	<select id="id_naver" parameterType="String" resultType="String">
		select u_id from user_db.user_tbl where u_naver=#{u_naver}
	</select>
	
	<update id="login_update" parameterType="lvo">
		update user_db.user_tbl set u_pw=#{u_pw}, u_na=#{u_na}, u_phone=#{u_phone}, u_gen=#{u_gen}, u_bir=#{u_bir}, u_em=#{u_em}, u_pic=#{u_pic}
		where u_id=#{u_id}
	</update>
	
	<update id="pw_update" parameterType="lvo">
		update user_db.user_tbl set u_pw=#{u_pw}
		where u_id=#{u_id}
	</update>
	
	<select id="user_count" resultType="int">
		select count(*) from user_db.user_tbl
	</select>
	
	<select id="user_list" resultType="lvo" parameterType="Map">
		select * from user_db.user_tbl limit #{offset}, #{limit}
	</select>
	
	
</mapper>