<?xml version="1.0" encoding="UTF-8"?>
<!DOCTYPE mapper
 PUBLIC "-//mybatis.org//DTD Mapper 3.0//EN"
 "https://mybatis.org/dtd/mybatis-3-mapper.dtd">
<mapper namespace="searchTree">

	<select id="list" resultType="svo" parameterType="Map">
		SELECT * FROM tree_db.tree_stat_tbl limit #{offset}, #{limit} ORDER BY t_area_idx;
	</select>

    <select id="searchbar" parameterType="String" resultType="svo">
    
     SELECT * 
    FROM tree_db.tree_stat_tbl
    WHERE t_ad LIKE CONCAT('%', #{treename}, '%')  <!-- 수정 -->
    or t_tty LIKE CONCAT('%', #{treename}, '%') 
    LIMIT 100
    
    
    </select> 
  
      <select id="sortByCategory" resultType="svo">
        <choose>
            <when test="${category == 'address'}">
                SELECT * FROM tree_db.tree_stat_tbl ORDER BY t_ad
            </when>
            <when test="${category == 'date'}">
                SELECT * FROM tree_db.tree_stat_tbl ORDER BY t_sdate
            </when>
            <when test="${category == 'age'}">
                SELECT * FROM tree_db.tree_stat_tbl ORDER BY t_age
            </when>
        </choose>
    </select>
  
    
     <select id="sortByAddress" resultType="svo">
        SELECT * FROM tree_db.tree_stat_tbl ORDER BY t_ad
    </select>

    <!-- 지정일순 정렬 -->
    <select id="sortByDate" resultType="svo">
        SELECT * FROM tree_db.tree_stat_tbl ORDER BY t_sdate
    </select>

    <!-- 수령순 정렬 -->
    <select id="sortByAge" resultType="svo">
        SELECT * FROM tree_db.tree_stat_tbl ORDER BY t_age
    </select>
    
     


</mapper>


