<?xml version="1.0" encoding="UTF-8"?>
<!DOCTYPE configuration
  PUBLIC "-//mybatis.org//DTD Config 3.0//EN"
  "https://mybatis.org/dtd/mybatis-3-config.dtd">
<configuration>
  
  <settings>
    <setting name="jdbcTypeForNull" value="NULL" />
    <setting name="cacheEnabled" value="false" />
  </settings>
  
  <typeAliases>
    <typeAlias type="com.ict.edu.vo.roadVO" alias="roadList" />
    <typeAlias type="com.ict.edu.vo.ConnectionVO" alias="cvo" />
    <typeAlias type="com.ict.edu.vo.searchTreeVO" alias="svo" />
  </typeAliases>

  <mappers>
    <mapper resource="mappers/road_mapper.xml" />
       <mapper resource="mappers/connectionpar_mapper.xml" />
       <mapper resource="mappers/searchTree_mapper.xml" />
  </mappers>



</configuration>